Sydney|-33.87,151.21,102|2018-09-15T09:44:04Z|Snow|-1.4|1093.2|44
Melbourne|-37.81,144.96,112|2021-04-27T14:58:24Z|Snow|-11.9|915.3|67
Brisbane|-27.47,153.03,44|2019-01-25T19:46:35Z|Sunny|+33.8|985.6|0
Perth|-31.95,115.86,41|2018-10-13T09:56:31Z|Snow|-0.7|927.1|33
Adelaide|-34.93,138.60,23|2019-07-25T12:31:20Z|Snow|-15.8|1096.4|96
Gold Coast|-28.02,153.40,53|2021-11-17T08:09:13Z|Snow|-8.9|1049.9|77
Cranbourne|-38.10,145.28,59|2019-10-08T17:13:01Z|Snow|-16.7|937.8|85
Canberra|-35.29,149.13,48|2021-08-20T11:43:05Z|Sunny|+17.5|942.5|11
Newcastle|-32.92,151.75,8|2021-11-27T04:23:20Z|Snow|-10.1|968.8|16
Wollongong|-34.43,150.88,71|2020-01-22T13:46:02Z|Snow|-20.7|1085.5|1
Geelong|-38.15,144.35,88|2020-09-11T16:27:34Z|Snow|-13.1|1025.5|98
Hobart|-42.88,147.33,49|2020-07-20T23:07:01Z|Sunny|+44.5|945.5|12
Townsville|-19.26,146.82,89|2021-03-24T22:55:49Z|Sunny|+4.1|1017.1|46
Ipswich|-27.62,152.77,25|2021-12-20T08:58:24Z|Sunny|+32.4|1096.5|41
Cairns|-16.93,145.77,88|2021-10-24T11:30:39Z|Snow|-17.4|1095.2|27
Toowoomba|-27.57,151.95,59|2019-08-15T18:59:38Z|Rain|+40.8|905.0|88
Darwin|-12.44,130.84,73|2020-06-25T13:32:18Z|Sunny|+13.3|947.2|28
Ballarat|-37.55,143.85,98|2021-02-06T08:09:28Z|Snow|-9.5|970.7|7
Bendigo|-36.75,144.27,49|2019-11-01T22:43:09Z|Sunny|+26.3|1067.9|9
Launceston|-41.44,147.15,112|2018-01-25T05:12:14Z|Sunny|+9.8|1011.0|51
Mackay|-21.14,149.19,94|2021-02-05T04:58:35Z|Sunny|+27.8|908.6|38
Rockhampton|-23.38,150.51,40|2018-02-18T03:10:54Z|Snow|-22.4|955.4|96
Maitland|-32.72,151.55,74|2019-08-09T06:02:28Z|Sunny|+24.0|943.5|68
Bunbury|-33.33,115.63,72|2021-08-08T00:10:07Z|Sunny|+7.8|1091.9|65
Coffs Harbour|-30.30,153.12,63|2020-11-21T16:57:07Z|Snow|-16.5|1012.6|14
Bundaberg|-24.85,152.35,74|2020-02-11T12:34:09Z|Snow|-21.4|946.5|0
Wagga Wagga|-35.12,147.37,91|2019-05-13T16:58:33Z|Rain|+34.9|1017.9|93
Hervey Bay|-25.29,152.87,80|2020-03-25T03:34:57Z|Snow|-20.0|946.7|91
Shepparton|-36.38,145.40,18|2021-09-15T01:34:58Z|Sunny|+39.5|1096.0|18
Albury|-36.08,146.92,26|2018-04-22T11:05:18Z|Snow|-14.5|1033.1|48
Port Macquarie|-31.43,152.90,94|2021-11-21T20:49:49Z|Snow|-20.3|993.3|64
Pakenham|-38.07,145.49,26|2019-10-27T20:46:31Z|Snow|-5.2|1066.5|55
Tamworth|-31.08,150.92,59|2021-04-10T06:46:04Z|Snow|-22.9|1075.4|63
Caloundra|-26.80,153.13,94|2020-09-14T17:41:30Z|Snow|-21.3|1057.3|59
Orange|-33.28,149.10,38|2018-07-18T19:42:19Z|Sunny|+32.6|1019.8|5
Dubbo|-32.26,148.60,86|2020-02-14T08:52:47Z|Sunny|+39.3|1011.0|13
Geraldton|-28.77,114.61,62|2019-02-14T09:30:41Z|Sunny|+35.7|1021.1|26
Nowra|-34.88,150.60,17|2019-07-19T11:05:23Z|Sunny|+2.5|994.9|43
Bathurst|-33.42,149.58,33|2020-02-05T07:35:15Z|Rain|+36.8|1017.9|98
Queanbeyan|-35.35,149.23,51|2020-11-10T04:46:28Z|Snow|-19.2|1071.7|61
Frankston|-38.16,145.14,27|2019-07-22T05:21:04Z|Sunny|+3.9|945.3|67
Sunbury|-37.58,144.71,105|2018-07-26T08:01:37Z|Sunny|+27.4|1012.4|46
Warrnambool|-38.38,142.48,17|2018-06-12T06:50:52Z|Sunny|+2.6|1091.9|45
Wodonga|-36.12,146.89,77|2020-05-22T22:31:15Z|Sunny|+16.0|918.4|26
Albany|-35.02,117.88,86|2020-06-25T12:12:48Z|Sunny|+20.8|1043.9|32
Gladstone|-23.85,151.26,34|2018-09-11T02:05:26Z|Sunny|+2.9|928.8|8
Mildura|-34.19,142.16,109|2018-08-07T00:35:40Z|Snow|-4.2|1039.4|56
Southport|-27.97,153.40,45|2019-04-01T09:32:50Z|Snow|-15.8|955.4|52
Alice Springs|-23.70,133.87,51|2019-06-24T11:43:35Z|Sunny|+25.8|1019.1|45
Dandenong|-37.98,145.22,65|2018-05-27T06:28:35Z|Snow|-18.8|961.7|12
Kalgoorlie|-30.75,121.47,6|2018-02-06T08:19:35Z|Sunny|+27.1|1022.0|65
Mount Gambier|-37.83,140.78,65|2018-11-25T07:50:16Z|Sunny|+21.6|1065.8|37
Lismore|-28.82,153.28,119|2019-10-11T23:15:20Z|Sunny|+36.2|971.3|21
Maryborough|-25.54,152.70,5|2018-07-12T02:03:00Z|Sunny|+15.8|920.9|42
Quakers Hill|-33.73,150.88,40|2019-11-15T07:56:09Z|Sunny|+10.1|1090.1|28
Gawler|-34.60,138.75,61|2021-11-18T16:59:08Z|Sunny|+32.6|993.4|58
Caboolture|-27.07,152.97,40|2020-09-19T00:10:02Z|Sunny|+21.3|967.4|16
Ballina|-28.83,153.53,24|2019-03-14T07:27:57Z|Sunny|+15.1|1085.6|21
Taree|-31.90,152.45,101|2020-05-06T19:34:24Z|Snow|-6.0|934.4|22
Traralgon|-38.20,146.54,14|2019-03-05T09:09:17Z|Snow|-9.3|931.4|6
Busselton|-33.65,115.35,34|2020-02-03T03:41:38Z|Sunny|+7.3|1090.5|51
Armidale|-30.50,151.65,19|2020-06-19T19:12:38Z|Snow|-9.6|1046.1|64
Goulburn|-34.75,149.62,5|2019-05-17T07:54:16Z|Snow|-17.2|1006.9|63
Devonport|-41.18,146.35,90|2018-05-05T06:35:43Z|Sunny|+27.9|1062.7|12
Bacchus Marsh|-37.68,144.44,59|2020-07-16T07:05:47Z|Sunny|+33.9|1013.1|76
Whyalla|-33.03,137.57,20|2020-11-15T06:42:46Z|Sunny|+9.8|967.7|62
Cessnock|-32.83,151.36,51|2018-01-05T03:15:08Z|Snow|-21.6|1075.0|31
Gympie|-26.19,152.67,25|2019-04-27T15:09:21Z|Sunny|+18.7|965.3|14
Griffith|-34.29,146.04,50|2021-10-26T00:54:27Z|Snow|-19.0|1043.0|91
Kwinana|-32.24,115.77,103|2019-03-14T10:46:42Z|Snow|-11.7|1096.7|54
Burnie|-41.06,145.88,58|2020-09-04T03:54:20Z|Snow|-10.7|1013.3|88
Wangaratta|-36.36,146.31,25|2021-08-18T08:20:08Z|Snow|-0.2|1060.0|8
Grafton|-29.68,152.93,67|2019-02-28T08:52:32Z|Sunny|+0.5|1079.6|47
Yeppoon|-23.13,150.73,11|2021-11-04T20:54:19Z|Snow|-12.2|1007.6|17
Murray Bridge|-35.12,139.27,104|2021-01-11T18:31:51Z|Sunny|+43.9|925.9|71
Mount Isa|-20.73,139.50,48|2021-09-17T12:21:41Z|Sunny|+1.9|951.5|28
Narangba|-27.20,152.97,74|2021-04-04T21:02:27Z|Sunny|+28.8|980.6|34
Mount Eliza|-38.19,145.09,9|2018-11-18T11:14:07Z|Snow|-10.2|956.2|0
Broken Hill|-31.96,141.47,68|2018-09-20T11:01:43Z|Snow|-3.6|973.4|63
Nerang|-28.00,153.32,11|2020-10-24T08:28:34Z|Sunny|+45.7|943.3|67
Karratha|-20.74,116.85,117|2021-12-22T20:10:10Z|Snow|-7.4|1054.0|31
Mount Barker|-35.07,138.85,83|2020-07-09T06:01:43Z|Sunny|+27.3|949.3|39
Horsham|-36.72,142.20,39|2018-01-21T02:25:21Z|Sunny|+41.0|923.3|62
Lara|-38.02,144.42,25|2021-02-25T08:51:57Z|Snow|-10.5|913.6|24
Singleton|-32.57,151.17,30|2019-02-20T06:34:03Z|Rain|+10.0|991.7|97
Port Lincoln|-34.73,135.86,28|2021-06-23T19:20:07Z|Snow|-5.0|995.8|48
Banora Point|-28.22,153.54,40|2021-06-04T15:30:26Z|Sunny|+46.0|932.5|39
Warwick|-28.22,152.04,35|2021-07-05T12:02:14Z|Sunny|+26.6|937.7|5
Rochedale|-27.60,153.12,24|2018-05-21T16:10:11Z|Sunny|+28.5|902.0|49
Kempsey|-31.08,152.83,14|2020-10-11T18:07:18Z|Rain|+16.1|943.9|89
Ulladulla|-35.35,150.47,100|2021-11-02T22:06:57Z|Rain|+19.7|1059.5|84
Sale|-38.10,147.07,52|2020-05-10T18:43:53Z|Sunny|+35.2|991.1|71
Echuca|-36.13,144.75,39|2018-03-11T01:11:56Z|Sunny|+20.5|906.9|4
Australind|-33.28,115.73,79|2018-09-23T16:09:12Z|Sunny|+41.0|1022.7|51
Broome|-17.96,122.24,118|2020-02-23T15:24:39Z|Rain|+41.1|1054.4|82
Port Hedland|-20.31,118.60,19|2018-01-12T06:46:03Z|Sunny|+12.9|1017.8|78
Warragul|-38.15,145.93,37|2019-10-16T11:15:38Z|Sunny|+9.1|1082.9|31
Port Pirie|-33.19,138.02,77|2019-11-11T19:10:32Z|Snow|-12.9|929.7|52
Barwon Heads|-38.25,144.52,109|2021-02-12T07:25:27Z|Sunny|+35.8|1026.8|40
Emerald|-23.52,148.15,85|2019-08-02T15:50:29Z|Rain|+22.1|937.2|98
Ulverstone|-41.17,146.17,92|2020-10-07T00:42:54Z|Sunny|+6.0|1020.6|39
Morwell|-38.23,146.40,118|2020-06-18T17:38:13Z|Sunny|+17.8|986.5|34
Gisborne|-37.49,144.59,6|2019-02-21T11:09:27Z|Rain|+38.7|1090.8|85
Port Augusta|-32.49,137.77,72|2020-07-22T20:19:00Z|Sunny|+30.3|1019.1|23
Forster|-32.18,152.51,44|2019-02-16T03:06:42Z|Sunny|+31.1|967.4|37
Penrith|-33.75,150.69,68|2021-02-14T14:32:41Z|Sunny|+29.0|938.6|37
Torquay|-38.33,144.32,70|2019-10-01T22:51:30Z|Snow|-22.0|1040.6|17
Jimboomba|-27.83,153.03,44|2018-01-12T10:11:03Z|Snow|-16.1|1079.7|75
Lithgow|-33.48,150.15,110|2021-11-26T03:38:17Z|Sunny|+35.8|997.7|10
Bowral|-34.48,150.42,92|2019-04-06T10:08:50Z|Sunny|+40.1|1006.3|6
Goonellabah|-28.82,153.32,5|2020-06-11T16:22:07Z|Sunny|+14.5|916.4|18
Raymond Terrace|-32.76,151.74,63|2021-09-24T01:50:45Z|Snow|-3.8|1006.5|21
Leopold|-38.19,144.46,37|2018-06-23T17:21:40Z|Snow|-20.8|1093.2|33
Dalby|-27.18,151.27,69|2020-07-09T00:08:16Z|Sunny|+26.7|1090.4|21
Campbelltown|-34.07,150.83,85|2019-02-21T04:42:28Z|Rain|+35.3|969.4|84
Colac|-38.34,143.58,89|2018-02-09T16:56:10Z|Snow|-9.5|924.8|74
Muswellbrook|-32.27,150.89,59|2019-04-10T16:04:30Z|Snow|-12.9|940.8|5
Esperance|-33.86,121.89,115|2021-12-26T06:35:18Z|Rain|+8.0|1017.0|99
Drouin|-38.13,145.85,56|2021-05-23T13:44:28Z|Snow|-9.0|956.4|94
Rutherford|-32.72,151.53,49|2020-03-25T12:22:01Z|Sunny|+20.1|966.7|1
Nelson Bay|-32.72,152.15,79|2018-01-04T07:24:38Z|Sunny|+46.0|1085.1|75
Inverell|-29.77,151.12,58|2021-09-01T14:10:47Z|Sunny|+29.8|970.5|9
Parkes|-33.10,148.26,17|2019-06-21T18:39:14Z|Sunny|+20.5|1091.1|10
Somerville|-38.23,145.18,30|2019-02-22T00:38:09Z|Sunny|+19.8|967.7|63
Gracemere|-23.43,150.45,107|2019-11-08T10:45:22Z|Snow|-6.3|979.3|0
Batemans Bay|-35.71,150.17,13|2019-11-04T07:18:47Z|Sunny|+44.7|1002.5|32
Nambour|-26.63,152.96,32|2019-02-10T06:38:19Z|Snow|-3.6|931.3|43
Swan Hill|-35.33,143.55,83|2020-03-08T16:38:00Z|Sunny|+26.6|922.8|39
Mareeba|-16.98,145.42,106|2021-09-06T12:07:51Z|Sunny|+19.2|1052.4|52
Corinda|-27.48,153.10,79|2018-10-07T00:35:50Z|Sunny|+3.1|1052.5|46
Samford|-27.37,152.88,106|2020-12-08T08:29:24Z|Sunny|+9.7|1070.8|53
Mudgee|-32.61,149.59,62|2019-06-14T04:22:56Z|Sunny|+27.8|1076.1|29
Casino|-28.85,153.05,102|2018-02-26T11:33:22Z|Snow|-11.3|957.5|40
Portland|-38.33,141.60,28|2021-09-21T11:33:57Z|Snow|-9.7|922.4|74
Kingston|-42.98,147.31,77|2019-03-28T18:35:02Z|Snow|-5.8|952.6|81
Kingaroy|-26.53,151.83,76|2019-06-25T05:21:45Z|Snow|-14.1|971.0|77
Kangaroo Flat|-36.80,144.25,49|2019-06-19T08:14:36Z|Sunny|+28.1|903.4|27
Bowen|-20.02,148.23,55|2018-12-20T19:46:28Z|Sunny|+26.8|911.2|64
Young|-34.30,148.30,48|2018-11-18T04:09:07Z|Snow|-2.0|1001.9|93
Cowra|-33.82,148.66,52|2019-02-24T13:45:29Z|Snow|-0.4|979.8|38
Hamilton|-37.73,142.02,25|2018-03-09T13:42:55Z|Snow|-16.3|1041.1|89
Gunnedah|-30.97,150.25,72|2020-05-07T21:24:51Z|Sunny|+3.9|924.6|9
Mount Evelyn|-37.78,145.38,83|2019-02-15T00:17:39Z|Sunny|+30.7|982.6|62
Andergrove|-21.09,149.19,93|2018-09-04T05:57:37Z|Snow|-18.7|1037.8|16
Moree|-29.47,149.83,12|2020-06-24T04:10:06Z|Sunny|+35.2|979.2|36
Benalla|-36.55,145.98,9|2021-01-25T12:15:54Z|Snow|-0.2|942.4|35
Currumbin|-28.16,153.47,30|2021-08-26T20:43:03Z|Sunny|+45.9|1057.6|70
Wollert|-37.60,145.03,36|2018-02-11T02:56:30Z|Sunny|+31.4|1090.7|47
Mittagong|-34.45,150.45,107|2020-03-18T08:58:34Z|Rain|+38.0|1032.3|98
Kelso|-33.42,149.61,46|2019-08-16T23:38:30Z|Sunny|+7.3|1096.1|47
Yanchep|-31.55,115.63,108|2019-05-16T04:34:58Z|Sunny|+25.1|1061.5|26
Bentley|-32.00,115.92,57|2018-05-10T05:38:59Z|Sunny|+40.3|1019.1|41
Moe|-38.17,146.27,96|2018-10-21T01:29:05Z|Sunny|+44.8|1008.6|26
Ayr|-19.57,147.41,37|2019-05-22T03:55:09Z|Sunny|+1.5|1044.6|27
Moranbah|-22.00,148.05,115|2021-10-19T03:10:59Z|Snow|-18.1|1063.0|84
Leeton|-34.55,146.40,89|2018-09-14T16:19:13Z|Snow|-22.0|1024.8|39
Moss Vale|-34.55,150.37,60|2019-12-25T18:01:16Z|Sunny|+44.4|1014.8|32
Wallan|-37.42,144.98,42|2018-01-19T02:34:37Z|Rain|+45.9|925.9|85
Springwood|-33.70,150.57,98|2018-11-03T16:52:41Z|Sunny|+13.0|1095.2|64
Lesmurdie|-31.99,116.05,64|2019-01-14T00:11:19Z|Rain|+1.5|914.2|98
Forbes|-33.38,148.02,56|2021-09-16T18:02:40Z|Sunny|+17.0|930.5|45
Emu Plains|-33.75,150.67,95|2020-08-17T02:10:47Z|Sunny|+15.9|1092.1|67
Rye|-38.38,144.84,91|2018-08-22T20:36:40Z|Sunny|+30.2|1093.4|1
Darley|-37.65,144.44,78|2019-05-09T05:58:35Z|Snow|-21.2|975.0|79
Ararat|-37.28,142.92,12|2020-01-19T12:41:39Z|Sunny|+31.7|905.4|8
Tweed Heads|-28.18,153.55,11|2018-08-03T17:29:33Z|Sunny|+7.2|1069.2|4
Highfields|-27.46,151.95,68|2020-09-10T16:16:46Z|Sunny|+22.8|1043.3|71
Charters Towers|-20.10,146.27,5|2018-09-24T12:55:55Z|Sunny|+34.7|945.9|70
Melton|-37.68,144.58,75|2020-06-13T13:50:12Z|Sunny|+0.0|1034.7|17
Katoomba|-33.72,150.31,6|2019-03-04T04:45:42Z|Rain|+3.2|1016.3|83
Kilmore|-37.28,144.95,99|2018-10-13T16:56:00Z|Sunny|+15.4|1059.0|25
Mooroopna|-36.38,145.35,11|2020-04-26T12:31:25Z|Sunny|+3.3|1025.3|65
Yarrawonga|-36.02,146.00,117|2021-06-20T15:27:06Z|Snow|-22.9|1089.8|14
Maryborough|-37.05,143.74,62|2021-11-16T20:12:59Z|Sunny|+25.7|978.7|47
Deniliquin|-35.53,144.93,32|2018-08-09T03:53:39Z|Sunny|+31.5|911.0|7
Mandurah|-32.53,115.72,72|2021-07-08T08:32:18Z|Sunny|+11.7|971.6|21
Bli Bli|-26.62,153.04,91|2019-10-11T12:01:09Z|Sunny|+10.5|1092.9|4
Kiama|-34.67,150.85,82|2018-07-25T20:31:21Z|Sunny|+32.5|919.0|67
Narre Warren North|-37.98,145.32,92|2019-01-24T19:59:11Z|Snow|-15.2|945.9|26
Narrabri|-30.33,149.77,79|2021-06-14T20:34:26Z|Sunny|+12.5|937.1|17
Bairnsdale|-37.83,147.62,46|2019-08-23T00:18:23Z|Rain|+33.6|1011.3|90
Clifton Springs|-38.15,144.57,55|2021-09-16T23:51:24Z|Snow|-6.0|1035.1|20
North Tamborine|-27.97,153.20,111|2019-06-15T13:34:21Z|Sunny|+21.9|938.3|1
Bargara|-24.82,152.46,94|2021-10-20T21:08:44Z|Sunny|+15.5|1075.4|39
Kingscliff|-28.26,153.58,112|2020-04-20T13:10:08Z|Snow|-14.4|1035.1|53
Healesville|-37.66,145.51,45|2020-02-16T18:27:19Z|Sunny|+25.5|1072.4|22
Fremantle|-32.06,115.74,101|2021-01-16T18:32:51Z|Sunny|+32.9|1090.1|80
Blaxland|-33.75,150.62,27|2021-07-26T21:20:40Z|Snow|-6.6|951.7|91
Atherton|-17.27,145.48,45|2021-11-13T22:48:35Z|Rain|+22.2|997.0|90
Kyabram|-36.32,145.05,110|2020-07-09T06:13:56Z|Snow|-12.7|997.6|89
Innisfail|-17.52,146.03,48|2018-10-13T01:28:17Z|Snow|-12.8|975.5|30
Sanctuary Point|-35.10,150.63,91|2021-11-10T19:06:31Z|Sunny|+25.5|979.5|69
Collie|-33.36,116.16,101|2018-04-21T12:46:23Z|Snow|-19.8|900.7|97
Gatton|-27.56,152.28,83|2019-10-24T23:10:34Z|Sunny|+9.7|991.9|4
Merrimac|-28.05,153.37,12|2019-08-28T04:55:49Z|Snow|-15.7|994.2|37
Murwillumbah|-28.33,153.38,44|2019-09-16T04:53:03Z|Snow|-22.7|932.4|28
Urraween|-25.30,152.82,7|2020-07-19T02:50:25Z|Sunny|+3.3|1028.5|73
Kyneton|-37.23,144.45,82|2020-04-11T18:28:15Z|Sunny|+45.8|960.8|64
Bongaree|-27.08,153.16,82|2021-10-26T12:28:53Z|Snow|-22.8|1042.9|29
Roma|-26.57,148.79,42|2020-11-06T21:04:11Z|Snow|-10.0|967.1|50
Mount Cotton|-27.62,153.22,37|2020-06-07T02:09:57Z|Snow|-5.8|1076.6|93
Cootamundra|-34.65,148.03,108|2019-03-26T18:00:56Z|Sunny|+17.5|1026.5|3
Beerwah|-26.86,152.96,96|2020-12-04T15:22:54Z|Snow|-14.2|1061.2|32
Castlemaine|-37.06,144.22,85|2020-02-07T02:47:56Z|Rain|+38.2|970.9|87
Pottsville|-28.39,153.56,103|2021-12-16T23:37:32Z|Rain|+2.0|1095.4|92
Cooma|-36.24,149.13,109|2019-02-03T22:44:17Z|Snow|-10.2|935.9|23
Gordonvale|-17.09,145.79,19|2020-10-12T13:58:32Z|Snow|-5.3|982.1|63
Lysterfield|-37.93,145.30,24|2020-05-09T05:28:04Z|Snow|-14.7|1040.1|91
Bomaderry|-34.85,150.61,77|2019-03-06T15:18:29Z|Sunny|+23.9|964.4|34
Chinchilla|-26.74,150.63,106|2018-05-14T02:10:30Z|Sunny|+20.9|911.0|9
Northam|-31.65,116.67,62|2020-05-07T01:23:12Z|Sunny|+11.7|913.3|4
Yass|-34.82,148.91,26|2018-12-18T06:35:11Z|Sunny|+20.7|1095.1|23
Strathalbyn|-35.27,138.90,29|2019-08-18T05:56:04Z|Sunny|+11.7|1051.1|56
Burpengary|-27.14,153.00,43|2019-09-09T11:04:17Z|Sunny|+0.3|1041.7|76
Waterford|-27.68,153.13,32|2020-11-07T16:08:49Z|Snow|-18.3|1051.4|87
Lennox Head|-28.80,153.58,25|2018-03-11T22:40:23Z|Sunny|+36.2|1021.9|16
Beaudesert|-27.99,153.00,63|2019-08-05T02:33:58Z|Sunny|+37.0|977.0|69
Margaret River|-33.96,115.08,85|2020-09-17T11:04:59Z|Snow|-3.5|979.1|77
Helensburgh|-34.18,151.00,11|2020-07-04T19:27:55Z|Rain|+15.7|1044.0|84
Goondiwindi|-28.55,150.31,67|2019-10-23T05:25:47Z|Snow|-11.2|1071.2|77
Seymour|-37.03,145.13,63|2019-10-23T16:01:43Z|Snow|-18.5|923.8|95
Nambucca Heads|-30.64,152.99,71|2020-08-06T07:40:34Z|Snow|-20.7|1066.4|47
Nuriootpa|-34.47,138.98,5|2021-06-04T12:15:36Z|Sunny|+17.7|969.2|15
Wauchope|-31.47,152.73,13|2019-11-19T10:21:31Z|Sunny|+37.6|1054.0|78
Tumut|-35.30,148.22,11|2018-11-20T14:26:39Z|Sunny|+5.6|927.0|25
Tuncurry|-32.18,152.50,109|2018-01-07T01:52:28Z|Sunny|+36.5|914.7|33
Glen Innes|-29.75,151.74,105|2018-06-16T00:14:18Z|Rain|+16.6|1002.5|81
Yamba|-29.43,153.35,8|2021-05-13T07:31:23Z|Rain|+39.5|1098.1|87
Wentworth Falls|-33.72,150.38,92|2021-11-05T09:06:50Z|Sunny|+18.6|916.9|20
South Grafton|-29.72,152.93,83|2021-12-13T18:57:22Z|Sunny|+20.0|1060.0|77
Kurri Kurri|-32.82,151.48,12|2019-03-19T18:57:29Z|Snow|-0.5|1053.4|77
Stawell|-37.05,142.77,101|2018-03-06T07:17:44Z|Rain|+7.7|923.9|97
Cobram|-35.97,145.65,42|2021-10-04T01:13:52Z|Snow|-14.6|959.9|1
Wynyard|-41.00,145.72,48|2020-09-25T06:48:26Z|Sunny|+11.6|963.1|69
Naracoorte|-36.96,140.74,33|2021-02-14T19:56:48Z|Sunny|+30.7|1011.8|19
North Mackay|-21.12,149.18,48|2019-04-17T22:30:52Z|Sunny|+21.5|1067.5|3
Cannington|-32.02,115.95,33|2018-07-20T19:59:33Z|Rain|+17.2|929.6|94
Woodend|-37.36,144.53,100|2021-04-09T13:19:19Z|Sunny|+43.7|1037.2|11
Dromana|-38.34,144.97,115|2020-02-11T20:01:27Z|Sunny|+37.9|1065.1|3
Emerald|-37.93,145.44,7|2021-10-06T08:21:11Z|Snow|-2.6|967.4|82
Biloela|-24.40,150.51,73|2020-05-20T09:07:06Z|Sunny|+43.9|980.2|31
Alstonville|-28.83,153.43,97|2019-09-06T16:54:29Z|Sunny|+34.1|931.8|45
Cannonvale|-20.29,148.69,5|2019-03-09T20:40:18Z|Sunny|+1.7|1003.6|21
Point Vernon|-25.25,152.82,62|2019-08-21T16:39:21Z|Snow|-18.8|1041.1|89
Palmwoods|-26.69,152.96,48|2021-08-05T18:51:23Z|Rain|+34.3|1091.6|95
Scone|-32.08,150.85,93|2021-06-16T09:53:38Z|Snow|-19.7|1063.1|74
Whittlesea|-37.51,145.11,28|2019-11-05T03:15:48Z|Snow|-20.9|951.0|0
East Ballina|-28.86,153.59,31|2020-10-11T23:35:14Z|Sunny|+28.7|1061.1|47
Sarina|-21.42,149.22,73|2021-07-10T17:15:18Z|Snow|-4.8|927.5|60
Byron Bay|-28.65,153.62,21|2018-06-14T22:01:20Z|Sunny|+8.7|952.4|50
Corowa|-35.99,146.38,83|2021-08-28T10:58:00Z|Sunny|+10.8|1034.8|58
Richmond|-33.60,150.75,37|2021-03-22T02:45:48Z|Snow|-4.7|1057.8|97
Cooranbong|-33.07,151.45,14|2019-02-14T20:16:41Z|Sunny|+33.8|936.4|67
Bullsbrook|-31.66,116.03,119|2021-02-08T17:09:52Z|Sunny|+13.2|970.4|28
Inverloch|-38.63,145.73,18|2020-09-03T18:52:34Z|Snow|-11.6|1008.6|99
New Norfolk|-42.78,147.06,23|2019-04-13T17:23:12Z|Rain|+12.9|919.4|94
Stanthorpe|-28.65,151.94,69|2018-06-24T20:12:01Z|Snow|-6.0|1088.3|50
Wingham|-31.85,152.37,98|2020-06-26T15:29:25Z|Sunny|+12.6|1046.4|51
Irymple|-34.23,142.17,117|2020-10-24T00:32:37Z|Sunny|+3.3|1022.5|54
Dunsborough|-33.62,115.10,62|2018-08-25T19:03:11Z|Sunny|+46.1|1087.6|48
Kununurra|-15.77,128.74,61|2020-05-19T21:58:14Z|Rain|+46.7|1037.2|88
Smithfield Heights|-16.83,145.69,16|2020-01-05T15:10:10Z|Sunny|+19.3|1050.7|72
Woolgoolga|-30.12,153.20,112|2018-06-16T22:07:07Z|Rain|+29.8|998.5|90
Bannockburn|-38.05,144.17,54|2019-02-18T17:51:41Z|Sunny|+34.0|1021.9|59
Maffra|-37.95,146.98,66|2021-07-09T21:14:08Z|Sunny|+11.4|907.5|16
Tannum Sands|-23.95,151.37,38|2019-02-18T23:13:39Z|Snow|-8.9|974.1|0
Ocean Shores|-28.51,153.54,44|2019-06-07T00:33:40Z|Sunny|+36.4|1040.3|59
Howard Springs|-12.49,131.05,10|2021-11-08T17:42:30Z|Sunny|+18.8|910.4|18
Leongatha|-38.48,145.95,101|2019-05-04T18:08:42Z|Sunny|+34.8|1095.5|15
Worragee|-34.91,150.64,9|2019-07-03T06:21:22Z|Snow|-15.1|1062.5|17
Tahmoor|-34.22,150.59,24|2018-07-22T03:53:07Z|Sunny|+30.0|1095.2|55
Red Cliffs|-34.31,142.19,19|2019-09-26T22:20:02Z|Sunny|+36.1|1078.6|64
Glenbrook|-33.77,150.63,65|2019-11-15T10:49:00Z|Snow|-6.1|1089.2|58
McMinns Lagoon|-12.53,131.05,84|2019-05-10T14:15:25Z|Rain|+9.7|962.8|88
Kiama Downs|-34.63,150.85,116|2020-11-02T07:03:43Z|Snow|-3.2|1008.5|40
Hazelbrook|-33.73,150.46,36|2019-06-09T21:35:22Z|Snow|-3.5|1074.7|64
Wonthaggi|-38.61,145.59,30|2021-06-07T02:59:31Z|Snow|-12.2|1065.3|4
Junee|-34.87,147.58,76|2018-09-02T08:03:37Z|Sunny|+10.2|903.1|19
Pinjarra|-32.63,115.87,31|2021-02-14T15:21:56Z|Rain|+13.6|1072.8|84
Encounter Bay|-35.57,138.60,65|2019-06-09T08:56:24Z|Rain|+11.5|1070.2|85
Nairne|-35.03,138.92,80|2021-01-02T04:34:04Z|Snow|-8.0|974.6|76
Cowes|-38.45,145.24,90|2020-02-18T11:04:07Z|Sunny|+41.0|932.6|29
Boulder|-30.78,121.49,50|2020-10-18T11:06:28Z|Snow|-21.2|1081.8|10
Picton|-34.18,150.60,27|2021-08-09T22:09:03Z|Sunny|+42.3|958.1|76
Salamander Bay|-32.73,152.09,60|2021-07-24T18:43:59Z|Sunny|+39.0|1091.0|3
Lakes Entrance|-37.87,147.98,46|2018-07-16T13:32:58Z|Sunny|+29.1|1097.5|52
Mansfield|-37.05,146.08,73|2020-11-13T05:14:43Z|Sunny|+7.9|999.2|45
Churchill|-38.32,146.42,83|2019-04-02T08:39:33Z|Snow|-10.0|1008.8|76
Bucasia|-21.03,149.16,101|2021-02-20T20:26:37Z|Sunny|+26.2|1001.3|24
Boyne Island|-23.95,151.36,87|2020-10-17T02:52:17Z|Sunny|+41.8|1003.7|27
Blackwater|-23.47,148.77,6|2018-01-21T10:12:54Z|Snow|-6.3|1075.4|46
Millicent|-37.60,140.35,76|2018-05-11T08:00:21Z|Snow|-12.9|911.7|14
Oakey|-27.43,151.72,111|2020-08-10T07:05:59Z|Sunny|+21.5|959.2|15
Temora|-34.45,147.53,30|2019-01-07T09:12:43Z|Sunny|+23.5|1095.0|58
Narromine|-32.23,148.23,42|2018-11-17T04:24:25Z|Sunny|+46.7|998.6|7
Ningi|-27.07,153.08,70|2021-03-17T10:31:39Z|Sunny|+27.7|1014.2|43
Bega|-36.68,149.84,99|2021-10-13T03:54:21Z|Sunny|+23.4|908.4|21
Mount Low|-19.22,146.68,96|2018-06-24T22:07:05Z|Sunny|+33.8|927.7|16
Leura|-33.71,150.34,60|2019-10-18T04:39:11Z|Sunny|+27.2|1042.7|18
Renmark|-34.17,140.74,27|2021-08-26T15:02:59Z|Snow|-15.4|1093.1|37
South West Rocks|-30.88,153.04,86|2020-10-19T17:50:50Z|Sunny|+21.3|948.8|25
Tanunda|-34.52,138.97,36|2020-11-27T16:20:40Z|Snow|-16.9|985.8|34
Kadina|-33.96,137.71,40|2020-10-27T00:48:50Z|Snow|-3.8|1017.5|96
Newman|-23.35,119.73,108|2018-10-19T11:09:30Z|Snow|-1.4|1092.3|61
Glenella|-21.12,149.15,56|2018-04-26T21:13:51Z|Sunny|+41.2|1041.6|78
Roxby Downs|-30.56,136.88,87|2021-10-16T01:03:04Z|Rain|+18.3|1035.5|93
Numurkah|-36.08,145.43,75|2018-08-11T01:49:54Z|Sunny|+27.8|935.9|71
Korumburra|-38.43,145.82,96|2021-11-13T08:45:33Z|Sunny|+39.6|1028.1|76
Rasmussen|-19.35,146.72,90|2018-02-17T01:54:53Z|Sunny|+42.0|918.7|68
Tatura|-36.44,145.23,17|2021-11-15T06:02:39Z|Sunny|+15.5|969.0|25
Carnarvon|-24.87,113.66,38|2020-09-10T08:00:01Z|Rain|+10.6|1012.1|83
Romsey|-37.35,144.75,111|2021-12-25T12:11:57Z|Rain|+44.4|1052.4|99
Blackheath|-33.63,150.28,40|2018-02-07T10:32:01Z|Snow|-7.9|1088.0|29
Bargo|-34.30,150.58,89|2019-01-21T09:37:52Z|Snow|-20.2|914.9|71
Old Bar|-31.97,152.58,62|2019-07-24T02:43:40Z|Sunny|+36.9|998.2|32
Narrandera|-34.75,146.55,23|2019-11-12T07:40:04Z|Sunny|+47.0|930.0|54
Ingham|-18.65,146.17,28|2019-09-01T21:37:20Z|Sunny|+46.4|1026.7|8
Manjimup|-34.24,116.15,55|2018-07-16T00:47:14Z|Sunny|+36.2|1008.7|21
George Town|-41.10,146.82,79|2019-02-04T07:42:34Z|Snow|-3.1|1044.9|62
Wyong|-33.28,151.42,91|2021-08-12T20:15:45Z|Snow|-15.6|959.8|41
Broadford|-37.20,145.07,57|2019-05-05T20:56:23Z|Sunny|+18.6|949.6|31
Drysdale|-38.17,144.57,38|2019-01-05T17:15:26Z|Sunny|+26.7|950.9|56
Narrogin|-32.94,117.18,44|2020-12-23T21:59:19Z|Sunny|+13.0|1033.0|59
Cockatoo|-37.94,145.49,112|2021-04-26T11:51:26Z|Sunny|+46.1|1033.8|67
Victor Harbor|-35.55,138.62,115|2020-05-16T12:36:48Z|Snow|-9.4|1090.7|26
Moama|-36.08,144.75,12|2019-10-06T10:05:24Z|Sunny|+1.3|1081.5|57
Bungendore|-35.25,149.45,63|2021-03-07T13:44:30Z|Snow|-14.8|937.6|35
Latrobe|-41.25,146.42,57|2020-10-01T10:24:14Z|Snow|-11.2|965.9|20
Beachmere|-27.13,153.05,81|2021-05-15T06:26:17Z|Snow|-21.7|930.4|19
Berri|-34.28,140.60,14|2020-07-25T19:26:36Z|Sunny|+5.1|997.2|79
Wellington|-32.55,148.93,53|2021-09-04T02:48:48Z|Sunny|+28.9|935.7|28
Tenterfield|-29.06,152.02,71|2018-07-18T16:56:42Z|Sunny|+30.2|929.6|58
Thirlmere|-34.20,150.57,83|2018-12-02T18:49:31Z|Sunny|+16.5|1035.3|52
Legana|-41.37,147.05,67|2019-09-12T13:52:29Z|Snow|-8.0|1034.4|64
Faulconbridge|-33.69,150.54,44|2019-11-16T16:57:42Z|Snow|-18.0|1058.5|64
The Entrance|-33.35,151.50,58|2018-11-28T18:37:38Z|Snow|-9.2|1042.8|60
Cobar|-31.50,145.83,21|2020-09-06T23:40:39Z|Snow|-16.5|1040.3|23
Wallaroo|-33.92,137.62,108|2020-11-20T05:55:04Z|Sunny|+3.2|1046.0|63
Moruya|-35.91,150.08,77|2021-04-24T06:11:32Z|Snow|-16.5|907.8|67
Gerringong|-34.75,150.83,108|2018-05-20T14:03:22Z|Sunny|+18.3|937.1|64
Sandstone Point|-27.07,153.12,56|2018-05-21T21:32:41Z|Rain|+43.2|1000.2|97
Tambourine|-27.88,153.13,107|2021-10-12T10:34:01Z|Sunny|+42.5|1008.1|55
Margate|-43.03,147.26,8|2021-06-16T23:08:25Z|Sunny|+19.9|1045.4|12
Trafalgar|-38.20,146.15,14|2019-05-06T08:05:08Z|Snow|-1.4|917.0|31
Somerset|-41.05,145.83,33|2021-02-16T00:13:23Z|Snow|-5.3|914.8|24
Marian|-21.15,148.94,113|2019-02-10T05:43:38Z|Snow|-0.4|965.8|62
Weipa|-12.62,141.87,28|2021-10-20T01:46:33Z|Sunny|+38.2|1037.1|0
Kerang|-35.72,143.92,50|2019-08-09T12:42:26Z|Rain|+16.1|1074.9|81
Westbrook|-27.60,151.83,51|2018-06-18T16:12:06Z|Sunny|+41.3|1066.8|3
Smithton|-40.84,145.12,89|2019-06-19T08:35:36Z|Sunny|+11.3|984.8|5
Longford|-41.60,147.12,24|2020-01-15T21:56:23Z|Rain|+17.1|927.2|85
Karana Downs|-27.55,152.82,69|2018-09-14T18:24:26Z|Snow|-9.5|961.6|95
Beechworth|-36.36,146.69,114|2019-04-08T10:00:51Z|Snow|-20.3|972.3|26
Penguin|-41.12,146.07,55|2021-07-14T04:17:01Z|Rain|+35.6|920.4|96
Anna Bay|-32.78,152.08,11|2019-11-06T06:43:51Z|Sunny|+0.3|1092.0|52
Loxton|-34.45,140.57,9|2021-07-23T07:28:55Z|Rain|+33.4|945.5|96
Pearcedale|-38.20,145.23,114|2018-11-19T05:06:29Z|Sunny|+2.2|913.1|45
Landsborough|-26.81,152.97,47|2018-05-14T19:59:43Z|Sunny|+6.4|1070.7|14
Laidley|-27.63,152.39,22|2020-04-20T23:37:58Z|Snow|-8.3|901.3|64
Wonga Park|-37.74,145.27,110|2019-07-09T16:14:13Z|Snow|-3.5|935.9|87
Peregian Beach|-26.48,153.10,95|2019-09-20T03:50:13Z|Snow|-7.4|1097.6|77
Cooroy|-26.42,152.91,55|2021-05-05T07:29:01Z|Snow|-6.6|922.5|48
Bellingen|-30.45,152.90,41|2020-07-13T16:38:10Z|Sunny|+44.4|1029.0|40
Riddell|-37.47,144.68,72|2021-06-09T06:16:26Z|Snow|-16.1|904.5|56
Suffolk Park|-28.70,153.62,82|2019-06-13T20:51:01Z|Sunny|+31.9|1075.2|27
Buninyong|-37.65,143.88,17|2019-03-27T17:48:51Z|Sunny|+14.7|956.3|72
Weston|-32.81,151.46,113|2021-12-23T16:30:22Z|Sunny|+13.8|907.3|44
Katanning|-33.69,117.56,18|2021-07-07T12:46:03Z|Sunny|+35.6|1027.8|62
Bellbrae|-38.33,144.30,38|2020-06-19T06:12:41Z|Sunny|+21.6|955.3|78
Sawtell|-30.37,153.10,69|2019-02-15T11:40:37Z|Sunny|+31.6|997.4|41
Silverdale|-33.92,150.61,35|2020-06-14T20:22:40Z|Sunny|+14.8|952.8|4
Tallebudgera|-28.15,153.42,110|2018-08-28T23:03:59Z|Snow|-21.7|1079.0|20
Bay View|-33.66,151.29,49|2018-08-11T05:45:48Z|Snow|-16.0|1001.0|21
Portarlington|-38.12,144.65,36|2018-05-27T13:45:43Z|Snow|-1.7|1008.3|74
Nanango|-26.67,152.00,52|2021-05-15T16:25:22Z|Rain|+46.5|1044.1|81
Logan Village|-27.77,153.10,93|2021-02-25T04:09:50Z|Sunny|+0.5|937.9|51
Koo-Wee-Rup|-38.20,145.49,46|2018-01-05T08:29:36Z|Rain|+2.2|1086.3|91
Glass House Mountains|-26.90,152.92,90|2019-07-08T07:37:24Z|Sunny|+3.6|1045.8|8
Sussex Inlet|-35.13,150.54,8|2020-02-27T23:22:28Z|Sunny|+37.2|1005.2|29
Proserpine|-20.40,148.58,112|2021-02-05T12:31:21Z|Sunny|+42.7|935.8|33
Merimbula|-36.90,149.90,20|2019-11-11T01:35:45Z|Snow|-14.5|964.2|58
Scarness|-25.28,152.85,74|2018-04-23T03:08:34Z|Rain|+8.6|981.0|86
Port Douglas|-16.48,145.47,74|2021-01-13T16:13:27Z|Snow|-7.2|1080.2|27
Gosford|-33.42,151.34,20|2021-08-16T15:30:42Z|Rain|+44.4|918.2|98
Bridgewater|-35.02,138.77,13|2018-09-09T00:13:37Z|Sunny|+45.2|1077.8|55
Lake Cathie|-31.55,152.85,102|2020-07-27T11:04:06Z|Snow|-7.1|919.1|54
Condobolin|-33.09,147.15,19|2021-04-21T18:53:50Z|Sunny|+41.9|904.0|70
Paynesville|-37.92,147.72,48|2019-08-12T23:09:20Z|Snow|-13.9|999.5|70
Woodford|-26.94,152.77,88|2021-10-27T08:09:42Z|Sunny|+42.3|1075.9|20
Maddingley|-37.69,144.43,64|2021-08-14T05:16:01Z|Snow|-17.6|960.6|78
Hurstbridge|-37.64,145.20,5|2019-01-16T04:01:48Z|Sunny|+40.0|1006.2|59
Quirindi|-31.51,150.68,104|2020-10-19T18:43:10Z|Sunny|+9.0|1063.2|15
Maleny|-26.76,152.85,95|2019-04-17T04:23:53Z|Rain|+40.4|958.3|92
Calliope|-24.01,151.20,114|2018-05-07T06:55:06Z|Snow|-6.9|955.6|25
North Beach|-31.86,115.76,10|2020-05-21T16:48:44Z|Snow|-11.8|1068.0|29
Walkerston|-21.16,149.06,104|2020-02-08T14:42:53Z|Snow|-12.0|1039.7|34
Blayney|-33.53,149.25,71|2019-05-14T18:57:50Z|Sunny|+14.2|924.0|12
Camperdown|-38.23,143.15,77|2019-11-15T08:15:14Z|Snow|-20.8|934.3|88
Aldgate|-35.02,138.74,57|2020-04-13T18:51:14Z|Snow|-15.9|1078.5|2
Port Fairy|-38.38,142.24,52|2020-03-06T02:00:55Z|Sunny|+17.2|1027.9|68
Tyabb|-38.26,145.19,41|2018-08-09T11:07:52Z|Snow|-7.0|1031.9|71
Lowood|-27.47,152.58,44|2020-06-26T01:59:48Z|Sunny|+43.0|1075.3|8
Charleville|-26.40,146.24,84|2020-03-05T17:58:12Z|Sunny|+38.4|979.0|1
Derby|-17.31,123.63,74|2018-05-19T20:31:34Z|Snow|-14.8|920.2|59
Mooloolah|-26.76,152.96,47|2018-02-22T02:36:59Z|Sunny|+27.2|1080.5|22
Pittsworth|-27.72,151.63,55|2019-08-27T03:36:21Z|Rain|+41.3|1047.3|83
Vincentia|-35.08,150.67,87|2019-12-13T23:06:54Z|Sunny|+2.8|1013.7|26
Coonabarabran|-31.27,149.27,109|2020-04-22T11:16:55Z|Sunny|+28.8|1085.6|27
Euroa|-36.75,145.57,27|2021-07-06T12:42:24Z|Snow|-19.9|949.6|59
Oberon|-33.72,149.87,65|2018-07-27T14:31:14Z|Sunny|+3.4|912.1|30
Woombye|-26.67,152.97,115|2018-04-20T05:36:44Z|Sunny|+9.8|1039.4|52
Nhulunbuy|-12.18,136.78,110|2021-01-18T11:12:37Z|Sunny|+18.4|1005.0|50
Camden|-34.05,150.70,11|2018-07-19T07:24:30Z|Sunny|+46.8|935.9|63
Murrumbateman|-34.96,149.03,86|2019-12-23T09:26:28Z|Snow|-4.9|1072.4|70
Fernvale|-27.45,152.65,15|2018-11-14T12:24:25Z|Sunny|+13.0|936.8|26
East Hills|-33.96,150.98,28|2020-02-26T03:00:42Z|Sunny|+9.0|1064.0|56
Bohle Plains|-19.31,146.69,93|2021-03-11T23:58:14Z|Rain|+42.2|1085.9|84
Junortoun|-36.77,144.35,94|2021-10-10T13:21:41Z|Sunny|+3.4|1086.4|66
Myrtleford|-36.55,146.72,73|2018-09-28T14:23:28Z|Sunny|+31.5|1000.5|5
Crib Point|-38.36,145.20,94|2020-06-03T22:16:56Z|Sunny|+29.7|1073.2|79
Marcoola|-26.58,153.08,115|2018-03-02T00:42:09Z|Snow|-4.8|917.6|82
Mullumbimby|-28.55,153.50,15|2021-08-02T08:11:19Z|Sunny|+42.3|978.1|21
Creswick|-37.43,143.90,119|2021-08-19T08:13:04Z|Sunny|+16.2|1027.7|77
Clare|-33.83,138.60,81|2021-02-20T06:48:05Z|Rain|+16.9|1096.7|89
Tura Beach|-36.85,149.93,116|2018-05-01T01:57:11Z|Snow|-6.1|938.4|40
Eden|-37.07,149.90,73|2020-04-04T06:30:12Z|Sunny|+32.6|1024.4|48
West Wyalong|-33.92,147.22,22|2019-11-18T23:28:19Z|Sunny|+18.7|922.6|39
Gilgandra|-31.70,148.67,71|2021-01-23T08:59:37Z|Snow|-11.7|1062.7|27
Rochester|-36.37,144.70,16|2018-12-26T01:58:26Z|Snow|-18.8|1008.2|61
McLaren Vale|-35.22,138.54,62|2018-05-12T05:16:31Z|Snow|-18.4|923.7|41
Miners Rest|-37.49,143.76,102|2020-04-03T05:56:34Z|Sunny|+22.1|1026.3|20
Robinvale|-34.58,142.77,111|2020-01-19T12:11:57Z|Sunny|+37.4|1014.4|70
Wilton|-34.24,150.70,63|2018-03-15T01:44:02Z|Snow|-18.7|1038.3|33
Riverview|-27.60,152.85,37|2020-10-27T00:21:00Z|Sunny|+30.3|948.9|75
Bogangar|-28.33,153.56,23|2021-10-26T20:42:21Z|Rain|+39.6|1000.4|88
Shoalhaven Heads|-34.85,150.74,30|2019-02-08T22:50:19Z|Sunny|+35.8|961.3|13
Saint George|-28.04,148.58,23|2019-05-08T18:55:56Z|Sunny|+33.7|998.9|7
Little Hampton|-35.05,138.85,97|2020-08-26T11:24:47Z|Rain|+13.8|935.1|96
Clermont|-22.82,147.64,93|2020-02-07T04:21:25Z|Sunny|+31.4|1011.1|19
Home Hill|-19.66,147.41,13|2021-03-04T18:56:15Z|Snow|-12.3|1012.0|94
Central Coast|-33.42,151.30,56|2018-05-20T12:50:10Z|Sunny|+13.9|987.5|64
Kuranda|-16.82,145.64,36|2021-11-11T13:21:41Z|Snow|-19.4|1016.3|84
Wilberforce|-33.56,150.84,66|2019-08-02T17:49:28Z|Snow|-13.2|980.0|26
Tom Price|-22.69,117.80,116|2021-02-16T20:50:00Z|Sunny|+3.0|1028.9|54
Urunga|-30.50,153.02,29|2021-07-18T22:34:33Z|Sunny|+43.6|958.0|30
Dysart|-22.59,148.35,72|2021-09-12T11:27:41Z|Sunny|+6.5|1088.5|57
Two Rocks|-31.50,115.59,95|2018-09-14T20:20:54Z|Snow|-15.4|934.0|72
Ballan|-37.60,144.23,62|2019-12-13T01:20:46Z|Snow|-6.4|1095.9|22
Gloucester|-32.01,151.96,53|2018-11-02T21:57:16Z|Snow|-5.7|1095.1|94
Bonny Hills|-31.58,152.83,7|2018-07-22T13:24:28Z|Sunny|+43.2|1037.4|68
Longreach|-23.44,144.25,31|2021-12-19T07:13:58Z|Sunny|+42.0|1023.8|50
Stirling|-35.00,138.71,50|2018-04-23T21:00:11Z|Sunny|+14.7|957.9|23
Perth|-41.57,147.17,82|2019-01-02T16:41:07Z|Snow|-5.2|1003.0|42
Bordertown|-36.31,140.77,50|2020-06-11T00:24:07Z|Snow|-18.2|961.1|55
Lewiston|-34.60,138.59,42|2018-11-10T06:48:47Z|Sunny|+1.9|1097.0|45
Waroona|-32.87,115.92,16|2019-11-08T13:39:41Z|Sunny|+6.4|1073.3|70
Leschenault|-33.25,115.74,81|2019-10-01T01:38:21Z|Snow|-5.5|1016.4|46
Terranora|-28.25,153.50,38|2018-05-08T03:24:51Z|Sunny|+46.0|980.9|40
Kapunda|-34.34,138.92,64|2021-01-20T05:30:38Z|Sunny|+22.8|956.1|27
Woori Yallock|-37.78,145.53,77|2018-07-17T16:21:36Z|Sunny|+40.7|1079.8|53
Saint Georges Basin|-35.13,150.63,100|2020-03-28T00:25:24Z|Rain|+37.3|904.3|96
Pomona|-26.36,152.86,71|2018-03-27T22:09:10Z|Snow|-19.0|1040.6|57
Sorell|-42.78,147.56,118|2019-01-09T21:50:22Z|Snow|-0.6|1011.6|10
Tea Gardens|-32.67,152.16,21|2020-03-20T04:17:25Z|Snow|-13.8|1003.1|76
Culburra|-34.93,150.75,77|2020-08-18T11:43:16Z|Sunny|+10.8|1056.3|54
Yarra Glen|-37.65,145.37,88|2020-02-18T16:18:11Z|Sunny|+20.3|972.9|63
Beaconsfield Upper|-38.00,145.42,62|2020-02-02T15:02:31Z|Sunny|+23.5|903.7|8
Morisset|-33.12,151.50,17|2021-03-19T02:34:55Z|Sunny|+35.2|954.8|6
Cohuna|-35.80,144.20,71|2018-05-15T16:34:33Z|Sunny|+9.7|921.2|27
Merredin|-31.48,118.28,16|2021-10-07T04:27:27Z|Rain|+23.7|1081.2|83
Deloraine|-41.53,146.67,75|2020-10-21T13:49:20Z|Sunny|+24.8|1076.6|68
Evans Head|-29.12,153.43,31|2021-07-16T14:27:06Z|Snow|-2.3|1049.8|46
Rosewood|-27.63,152.58,61|2019-07-24T19:35:36Z|Snow|-8.5|1008.3|51
Greta|-32.69,151.38,69|2021-06-22T17:41:48Z|Snow|-19.5|962.9|29
Wollongbar|-28.82,153.40,95|2021-11-19T15:28:19Z|Sunny|+43.4|945.6|66
Donnybrook|-33.58,115.82,23|2019-07-04T22:12:37Z|Sunny|+34.1|979.9|45
McCrae|-38.35,144.93,52|2018-04-22T18:30:12Z|Snow|-20.1|1063.2|29
Angle Vale|-34.64,138.65,116|2020-07-17T01:28:01Z|Snow|-13.2|960.1|95
Bridgetown|-33.96,116.14,14|2018-02-24T02:18:40Z|Sunny|+38.8|1047.1|18
North Wonthaggi|-38.60,145.60,17|2018-10-05T09:48:28Z|Snow|-18.8|1098.6|24
Heathcote|-36.92,144.70,48|2020-09-06T07:43:31Z|Snow|-0.5|940.4|31
Howlong|-35.98,146.63,63|2020-03-11T21:24:17Z|Snow|-9.1|994.0|1
Williamstown|-34.67,138.89,20|2019-10-25T16:16:27Z|Snow|-10.4|913.9|21
Harvey|-33.08,115.89,44|2020-11-20T14:18:19Z|Sunny|+45.5|936.6|22
Coonamble|-30.93,148.37,83|2021-08-23T09:09:12Z|Snow|-19.7|1011.7|28
Uralla|-30.65,151.50,97|2019-05-23T15:23:06Z|Rain|+40.2|1089.0|85
Bundanoon|-34.66,150.30,109|2019-01-09T09:57:13Z|Sunny|+29.1|980.7|25
Cloncurry|-20.70,140.50,13|2018-03-05T10:40:44Z|Snow|-10.4|976.1|74
Tolga|-17.22,145.48,19|2018-09-09T17:50:13Z|Sunny|+25.0|918.0|34
Huonville|-43.03,147.03,76|2018-07-15T03:20:40Z|Snow|-19.5|908.2|39
Merbein|-34.17,142.05,36|2019-10-01T09:39:58Z|Sunny|+13.8|911.5|1
Alexandra|-37.19,145.71,21|2019-01-22T09:09:12Z|Rain|+43.9|1047.1|96
Waikerie|-34.17,139.98,48|2019-05-02T03:23:48Z|Sunny|+43.8|923.1|14
Point Lonsdale|-38.28,144.60,74|2021-07-23T02:17:11Z|Sunny|+27.2|1089.3|64
Hill Top|-34.35,150.49,96|2021-05-25T02:08:47Z|Snow|-6.9|956.9|94
Stirling North|-32.52,137.83,107|2018-03-03T06:40:00Z|Rain|+30.2|1019.1|95
Hahndorf|-35.03,138.81,43|2020-03-06T19:16:15Z|Sunny|+30.2|932.8|41
Berry|-34.78,150.70,70|2018-01-03T05:30:23Z|Sunny|+24.5|1019.8|43
Burnett Heads|-24.77,152.40,104|2020-12-27T03:16:38Z|Snow|-2.3|984.1|13
Moore Park|-24.71,152.24,66|2019-02-05T09:24:18Z|Rain|+43.2|912.4|82
Burradoo|-34.50,150.41,103|2018-11-14T07:10:21Z|Snow|-13.3|946.7|0
Mannum|-34.92,139.30,46|2019-07-11T07:16:03Z|Rain|+24.4|1082.6|85
Wooroloo|-31.80,116.31,34|2019-12-10T04:11:18Z|Sunny|+5.6|1040.6|69
Crookwell|-34.46,149.47,71|2021-05-12T10:53:46Z|Sunny|+18.4|987.9|35
Appin|-34.21,150.78,9|2019-05-06T14:42:57Z|Snow|-15.0|954.0|21
Cooloola Cove|-25.98,152.99,106|2021-04-27T01:57:20Z|Sunny|+39.2|930.0|29
Cooktown|-15.47,145.25,45|2018-08-07T09:05:41Z|Rain|+21.4|955.0|91
Jindabyne|-36.42,148.62,38|2019-10-15T02:52:08Z|Snow|-21.4|956.7|50
Maclean|-29.46,153.20,102|2018-11-17T17:04:38Z|Sunny|+11.1|1098.0|15
Stratford|-37.97,147.08,31|2021-06-15T14:19:16Z|Snow|-20.3|999.6|55
Lawson|-33.72,150.43,33|2020-03-02T16:39:23Z|Sunny|+11.6|1038.5|52
Thursday Island|-10.58,142.22,13|2020-06-23T18:24:18Z|Snow|-21.1|998.1|19
Woodside|-34.95,138.87,73|2018-08-05T11:31:55Z|Rain|+42.0|1098.1|82
Narooma|-36.20,150.13,21|2018-05-25T14:58:53Z|Snow|-6.2|1043.8|64
Macksville|-30.72,152.92,12|2021-07-12T00:42:03Z|Sunny|+43.8|1050.5|48
Molong|-33.10,148.86,19|2019-01-17T15:45:11Z|Sunny|+20.0|939.2|13
Grenfell|-33.91,148.20,62|2021-01-09T10:47:59Z|Sunny|+31.0|905.9|68
Yarrabah Aboriginal Community|-16.91,145.87,115|2019-03-04T11:53:07Z|Snow|-3.9|953.2|96
Denmark|-34.96,117.35,100|2019-09-25T20:03:41Z|Snow|-10.8|990.9|40
Bonville|-30.38,153.05,35|2021-01-27T16:19:36Z|Sunny|+20.6|1072.7|51
Walcha|-30.98,151.60,25|2021-11-18T08:26:21Z|Rain|+28.3|1024.2|85
Manilla|-30.75,150.72,63|2018-04-15T20:02:52Z|Sunny|+10.7|925.4|70
Yarra Junction|-37.78,145.61,37|2021-05-17T05:58:21Z|Sunny|+40.0|953.1|16
Daylesford|-37.35,144.15,118|2021-08-17T20:11:13Z|Sunny|+9.1|943.8|38
York|-31.89,116.77,37|2018-03-12T22:53:53Z|Sunny|+15.5|1018.6|64
Anglesea|-38.41,144.19,11|2019-08-17T12:44:05Z|Sunny|+34.9|940.0|21
Kambalda|-31.20,121.67,89|2020-05-26T07:46:29Z|Snow|-13.6|1082.0|35
Lobethal|-34.90,138.87,40|2020-03-27T11:23:42Z|Snow|-6.6|1045.5|56
The Oaks|-34.08,150.57,97|2020-09-02T01:59:26Z|Sunny|+41.7|1052.9|65
Gulgong|-32.37,149.53,34|2020-07-20T17:24:20Z|Sunny|+43.4|1067.7|21
Finley|-35.63,145.57,96|2020-06-04T22:07:57Z|Snow|-4.8|1088.3|94
Capel|-33.56,115.57,116|2019-03-21T00:46:38Z|Sunny|+3.7|1042.4|59
Korora|-30.25,153.12,97|2018-02-18T14:29:17Z|Sunny|+17.1|983.1|36
Exmouth|-21.93,114.13,93|2021-08-27T10:01:47Z|Snow|-19.1|1004.0|97
Boonah|-28.00,152.68,60|2020-04-05T11:22:07Z|Sunny|+23.6|1019.7|21
Saint Leonards|-38.17,144.72,85|2020-02-10T02:26:01Z|Snow|-6.4|1059.3|60
Vasse|-33.69,115.30,76|2020-07-17T22:04:07Z|Sunny|+45.8|938.9|19
Aberdare|-32.84,151.38,67|2019-10-22T12:02:34Z|Snow|-17.4|998.6|76
Bunyip|-38.08,145.72,39|2020-10-02T19:21:01Z|Sunny|+21.7|949.7|68
Dodges Ferry|-42.85,147.62,34|2018-09-25T08:15:06Z|Sunny|+10.7|960.7|77
Lancefield|-37.27,144.72,18|2021-10-24T21:01:04Z|Sunny|+45.0|902.8|74
Palm Island|-18.73,146.58,104|2019-09-02T20:28:07Z|Snow|-13.2|1034.2|17
Currie|-39.93,143.85,67|2020-05-02T06:33:42Z|Snow|-2.3|1044.1|81
